label,category,precision,recall,f1-score,support,true_positives,false_negatives,false_positives,train_count
0,activate_my_card,0.9512195121951219,0.975,0.9629629629629629,40.0,39,1,2,159
1,age_limit,1.0,1.0,1.0,40.0,40,0,0,110
2,apple_pay_or_google_pay,1.0,1.0,1.0,40.0,40,0,0,126
3,atm_support,1.0,1.0,1.0,40.0,40,0,0,87
4,automatic_top_up,1.0,0.9,0.9473684210526315,40.0,36,4,0,127
5,balance_not_updated_after_bank_transfer,0.6585365853658537,0.675,0.6666666666666666,40.0,27,13,14,171
6,balance_not_updated_after_cheque_or_cash_deposit,0.975,0.975,0.975,40.0,39,1,1,181
7,beneficiary_not_allowed,0.9444444444444444,0.85,0.8947368421052632,40.0,34,6,2,156
8,cancel_transfer,1.0,0.925,0.961038961038961,40.0,37,3,0,157
9,card_about_to_expire,0.975609756097561,1.0,0.9876543209876543,40.0,40,0,1,129
10,card_acceptance,0.9714285714285714,0.85,0.9066666666666666,40.0,34,6,1,59
11,card_arrival,0.9,0.9,0.9,40.0,36,4,4,153
12,card_delivery_estimate,0.9210526315789473,0.875,0.8974358974358975,40.0,35,5,3,112
13,card_linking,0.9743589743589743,0.95,0.9620253164556962,40.0,38,2,1,139
14,card_not_working,0.8478260869565217,0.975,0.9069767441860465,40.0,39,1,7,112
15,card_payment_fee_charged,0.8297872340425532,0.975,0.896551724137931,40.0,39,1,8,187
16,card_payment_not_recognised,0.9444444444444444,0.85,0.8947368421052632,40.0,34,6,2,168
17,card_payment_wrong_exchange_rate,0.9487179487179487,0.925,0.9367088607594937,40.0,37,3,2,167
18,card_swallowed,1.0,0.95,0.9743589743589743,40.0,38,2,0,61
19,cash_withdrawal_charge,0.9743589743589743,0.95,0.9620253164556962,40.0,38,2,1,177
20,cash_withdrawal_not_recognised,0.8666666666666667,0.975,0.9176470588235294,40.0,39,1,6,160
21,change_pin,0.8888888888888888,1.0,0.9411764705882353,40.0,40,0,5,122
22,compromised_card,0.9,0.9,0.9,40.0,36,4,4,86
23,contactless_not_working,1.0,0.875,0.9333333333333333,40.0,35,5,0,35
24,country_support,0.9302325581395349,1.0,0.963855421686747,40.0,40,0,3,129
25,declined_card_payment,0.8222222222222222,0.925,0.8705882352941177,40.0,37,3,8,153
26,declined_cash_withdrawal,0.8333333333333334,1.0,0.9090909090909091,40.0,40,0,8,173
27,declined_transfer,1.0,0.775,0.8732394366197183,40.0,31,9,0,133
28,direct_debit_payment_not_recognised,0.9459459459459459,0.875,0.9090909090909091,40.0,35,5,2,182
29,disposable_card_limits,0.9473684210526315,0.9,0.9230769230769231,40.0,36,4,2,121
30,edit_personal_details,1.0,1.0,1.0,40.0,40,0,0,121
31,exchange_charge,0.9459459459459459,0.875,0.9090909090909091,40.0,35,5,2,121
32,exchange_rate,0.9090909090909091,1.0,0.9523809523809523,40.0,40,0,4,112
33,exchange_via_app,0.8837209302325582,0.95,0.9156626506024096,40.0,38,2,5,118
34,extra_charge_on_statement,0.95,0.95,0.95,40.0,38,2,2,166
35,failed_transfer,0.8,0.9,0.8470588235294118,40.0,36,4,9,137
36,fiat_currency_support,0.9,0.9,0.9,40.0,36,4,4,126
37,get_disposable_virtual_card,0.9210526315789473,0.875,0.8974358974358975,40.0,35,5,3,97
38,get_physical_card,0.9743589743589743,0.95,0.9620253164556962,40.0,38,2,1,106
39,getting_spare_card,0.9302325581395349,1.0,0.963855421686747,40.0,40,0,3,129
40,getting_virtual_card,0.8666666666666667,0.975,0.9176470588235294,40.0,39,1,6,98
41,lost_or_stolen_card,0.8636363636363636,0.95,0.9047619047619048,40.0,38,2,6,82
42,lost_or_stolen_phone,1.0,0.975,0.9873417721518988,40.0,39,1,0,121
43,order_physical_card,0.9459459459459459,0.875,0.9090909090909091,40.0,35,5,2,120
44,passcode_forgotten,0.975609756097561,1.0,0.9876543209876543,40.0,40,0,1,105
45,pending_card_payment,0.9512195121951219,0.975,0.9629629629629629,40.0,39,1,2,159
46,pending_cash_withdrawal,1.0,0.95,0.9743589743589743,40.0,38,2,0,143
47,pending_top_up,0.9069767441860465,0.975,0.9397590361445783,40.0,39,1,4,149
48,pending_transfer,0.8974358974358975,0.875,0.8860759493670886,40.0,35,5,4,148
49,pin_blocked,0.9714285714285714,0.85,0.9066666666666666,40.0,34,6,1,115
50,receiving_money,1.0,0.925,0.961038961038961,40.0,37,3,0,95
51,Refund_not_showing_up,0.9523809523809523,1.0,0.975609756097561,40.0,40,0,2,162
52,request_refund,0.95,0.95,0.95,40.0,38,2,2,169
53,reverted_card_payment?,0.9,0.9,0.9,40.0,36,4,4,161
54,supported_cards_and_currencies,0.8837209302325582,0.95,0.9156626506024096,40.0,38,2,5,129
55,terminate_account,0.975609756097561,1.0,0.9876543209876543,40.0,40,0,1,108
56,top_up_by_bank_transfer_charge,0.9210526315789473,0.875,0.8974358974358975,40.0,35,5,3,111
57,top_up_by_card_charge,0.9743589743589743,0.95,0.9620253164556962,40.0,38,2,1,114
58,top_up_by_cash_or_cheque,0.9512195121951219,0.975,0.9629629629629629,40.0,39,1,2,114
59,top_up_failed,0.8571428571428571,0.9,0.8780487804878049,40.0,36,4,6,145
60,top_up_limits,0.9523809523809523,1.0,0.975609756097561,40.0,40,0,2,97
61,top_up_reverted,0.9210526315789473,0.875,0.8974358974358975,40.0,35,5,3,146
62,topping_up_by_card,0.8648648648648649,0.8,0.8311688311688312,40.0,32,8,5,103
63,transaction_charged_twice,0.8888888888888888,1.0,0.9411764705882353,40.0,40,0,5,175
64,transfer_fee_charged,0.9473684210526315,0.9,0.9230769230769231,40.0,36,4,2,172
65,transfer_into_account,0.9142857142857143,0.8,0.8533333333333334,40.0,32,8,3,113
66,transfer_not_received_by_recipient,0.8292682926829268,0.85,0.8395061728395061,40.0,34,6,7,171
67,transfer_timing,0.8409090909090909,0.925,0.8809523809523809,40.0,37,3,7,128
68,unable_to_verify_identity,0.975,0.975,0.975,40.0,39,1,1,102
69,verify_my_identity,0.8125,0.975,0.8863636363636364,40.0,39,1,9,104
70,verify_source_of_funds,1.0,1.0,1.0,40.0,40,0,0,113
71,verify_top_up,1.0,1.0,1.0,40.0,40,0,0,126
72,virtual_card_not_working,0.972972972972973,0.9,0.935064935064935,40.0,36,4,1,41
73,visa_or_mastercard,1.0,0.925,0.961038961038961,40.0,37,3,0,135
74,why_verify_identity,0.9393939393939394,0.775,0.8493150684931506,40.0,31,9,2,121
75,wrong_amount_of_cash_received,1.0,0.9,0.9473684210526315,40.0,36,4,0,180
76,wrong_exchange_rate_for_cash_withdrawal,0.9487179487179487,0.925,0.9367088607594937,40.0,37,3,2,163
