true_id,pred_id,true_category,predicted_category,errors
74,69,why_verify_identity,verify_my_identity,8
5,66,balance_not_updated_after_bank_transfer,transfer_not_received_by_recipient,5
5,67,balance_not_updated_after_bank_transfer,transfer_timing,5
12,11,card_delivery_estimate,card_arrival,4
53,25,reverted_card_payment?,declined_card_payment,4
61,59,top_up_reverted,top_up_failed,4
7,35,beneficiary_not_allowed,failed_transfer,3
11,12,card_arrival,card_delivery_estimate,3
16,22,card_payment_not_recognised,compromised_card,3
31,32,exchange_charge,exchange_rate,3
37,40,get_disposable_virtual_card,getting_virtual_card,3
48,5,pending_transfer,balance_not_updated_after_bank_transfer,3
49,21,pin_blocked,change_pin,3
50,33,receiving_money,exchange_via_app,3
62,47,topping_up_by_card,pending_top_up,3
66,5,transfer_not_received_by_recipient,balance_not_updated_after_bank_transfer,3
66,35,transfer_not_received_by_recipient,failed_transfer,3
75,26,wrong_amount_of_cash_received,declined_cash_withdrawal,3
5,48,balance_not_updated_after_bank_transfer,pending_transfer,2
7,65,beneficiary_not_allowed,transfer_into_account,2
10,54,card_acceptance,supported_cards_and_currencies,2
18,26,card_swallowed,declined_cash_withdrawal,2
22,41,compromised_card,lost_or_stolen_card,2
27,25,declined_transfer,declined_card_payment,2
27,35,declined_transfer,failed_transfer,2
27,63,declined_transfer,transaction_charged_twice,2
28,16,direct_debit_payment_not_recognised,card_payment_not_recognised,2
28,20,direct_debit_payment_not_recognised,cash_withdrawal_not_recognised,2
29,37,disposable_card_limits,get_disposable_virtual_card,2
33,36,exchange_via_app,fiat_currency_support,2
34,15,extra_charge_on_statement,card_payment_fee_charged,2
35,5,failed_transfer,balance_not_updated_after_bank_transfer,2
36,33,fiat_currency_support,exchange_via_app,2
38,21,get_physical_card,change_pin,2
52,51,request_refund,Refund_not_showing_up,2
54,36,supported_cards_and_currencies,fiat_currency_support,2
56,64,top_up_by_bank_transfer_charge,transfer_fee_charged,2
59,25,top_up_failed,declined_card_payment,2
59,61,top_up_failed,top_up_reverted,2
64,15,transfer_fee_charged,card_payment_fee_charged,2
65,5,transfer_into_account,balance_not_updated_after_bank_transfer,2
65,58,transfer_into_account,top_up_by_cash_or_cheque,2
65,62,transfer_into_account,topping_up_by_card,2
72,14,virtual_card_not_working,card_not_working,2
0,14,activate_my_card,card_not_working,1
4,47,automatic_top_up,pending_top_up,1
4,56,automatic_top_up,top_up_by_bank_transfer_charge,1
4,60,automatic_top_up,top_up_limits,1
4,62,automatic_top_up,topping_up_by_card,1
5,35,balance_not_updated_after_bank_transfer,failed_transfer,1
6,5,balance_not_updated_after_cheque_or_cash_deposit,balance_not_updated_after_bank_transfer,1
7,20,beneficiary_not_allowed,cash_withdrawal_not_recognised,1
8,0,cancel_transfer,activate_my_card,1
8,48,cancel_transfer,pending_transfer,1
8,52,cancel_transfer,request_refund,1
10,13,card_acceptance,card_linking,1
10,14,card_acceptance,card_not_working,1
10,24,card_acceptance,country_support,1
10,52,card_acceptance,request_refund,1
11,41,card_arrival,lost_or_stolen_card,1
12,31,card_delivery_estimate,exchange_charge,1
13,39,card_linking,getting_spare_card,1
13,74,card_linking,why_verify_identity,1
14,49,card_not_working,pin_blocked,1
15,28,card_payment_fee_charged,direct_debit_payment_not_recognised,1
16,20,card_payment_not_recognised,cash_withdrawal_not_recognised,1
16,28,card_payment_not_recognised,direct_debit_payment_not_recognised,1
16,53,card_payment_not_recognised,reverted_card_payment?,1
17,32,card_payment_wrong_exchange_rate,exchange_rate,1
17,34,card_payment_wrong_exchange_rate,extra_charge_on_statement,1
17,76,card_payment_wrong_exchange_rate,wrong_exchange_rate_for_cash_withdrawal,1
19,15,cash_withdrawal_charge,card_payment_fee_charged,1
19,76,cash_withdrawal_charge,wrong_exchange_rate_for_cash_withdrawal,1
20,22,cash_withdrawal_not_recognised,compromised_card,1
22,39,compromised_card,getting_spare_card,1
22,55,compromised_card,terminate_account,1
23,0,contactless_not_working,activate_my_card,1
23,9,contactless_not_working,card_about_to_expire,1
23,14,contactless_not_working,card_not_working,1
23,53,contactless_not_working,reverted_card_payment?,1
23,72,contactless_not_working,virtual_card_not_working,1
25,26,declined_card_payment,declined_cash_withdrawal,1
25,45,declined_card_payment,pending_card_payment,1
25,53,declined_card_payment,reverted_card_payment?,1
27,5,declined_transfer,balance_not_updated_after_bank_transfer,1
27,7,declined_transfer,beneficiary_not_allowed,1
27,26,declined_transfer,declined_cash_withdrawal,1
28,15,direct_debit_payment_not_recognised,card_payment_fee_charged,1
29,39,disposable_card_limits,getting_spare_card,1
29,40,disposable_card_limits,getting_virtual_card,1
31,17,exchange_charge,card_payment_wrong_exchange_rate,1
31,56,exchange_charge,top_up_by_bank_transfer_charge,1
35,7,failed_transfer,beneficiary_not_allowed,1
35,66,failed_transfer,transfer_not_received_by_recipient,1
36,24,fiat_currency_support,country_support,1
36,53,fiat_currency_support,reverted_card_payment?,1
37,29,get_disposable_virtual_card,disposable_card_limits,1
37,41,get_disposable_virtual_card,lost_or_stolen_card,1
40,43,getting_virtual_card,order_physical_card,1
41,62,lost_or_stolen_card,topping_up_by_card,1
41,63,lost_or_stolen_card,transaction_charged_twice,1
42,41,lost_or_stolen_phone,lost_or_stolen_card,1
43,15,order_physical_card,card_payment_fee_charged,1
43,24,order_physical_card,country_support,1
43,37,order_physical_card,get_disposable_virtual_card,1
43,40,order_physical_card,getting_virtual_card,1
43,41,order_physical_card,lost_or_stolen_card,1
45,63,pending_card_payment,transaction_charged_twice,1
46,20,pending_cash_withdrawal,cash_withdrawal_not_recognised,1
46,26,pending_cash_withdrawal,declined_cash_withdrawal,1
47,59,pending_top_up,top_up_failed,1
48,45,pending_transfer,pending_card_payment,1
48,67,pending_transfer,transfer_timing,1
49,14,pin_blocked,card_not_working,1
49,38,pin_blocked,get_physical_card,1
49,44,pin_blocked,passcode_forgotten,1
56,57,top_up_by_bank_transfer_charge,top_up_by_card_charge,1
56,65,top_up_by_bank_transfer_charge,transfer_into_account,1
56,67,top_up_by_bank_transfer_charge,transfer_timing,1
57,15,top_up_by_card_charge,card_payment_fee_charged,1
57,54,top_up_by_card_charge,supported_cards_and_currencies,1
58,62,top_up_by_cash_or_cheque,topping_up_by_card,1
61,63,top_up_reverted,transaction_charged_twice,1
62,5,topping_up_by_card,balance_not_updated_after_bank_transfer,1
62,14,topping_up_by_card,card_not_working,1
62,59,topping_up_by_card,top_up_failed,1
62,60,topping_up_by_card,top_up_limits,1
62,61,topping_up_by_card,top_up_reverted,1
64,34,transfer_fee_charged,extra_charge_on_statement,1
64,56,transfer_fee_charged,top_up_by_bank_transfer_charge,1
65,6,transfer_into_account,balance_not_updated_after_cheque_or_cash_deposit,1
65,54,transfer_into_account,supported_cards_and_currencies,1
67,5,transfer_timing,balance_not_updated_after_bank_transfer,1
67,48,transfer_timing,pending_transfer,1
67,66,transfer_timing,transfer_not_received_by_recipient,1
68,69,unable_to_verify_identity,verify_my_identity,1
69,74,verify_my_identity,why_verify_identity,1
72,29,virtual_card_not_working,disposable_card_limits,1
72,40,virtual_card_not_working,getting_virtual_card,1
73,10,visa_or_mastercard,card_acceptance,1
73,43,visa_or_mastercard,order_physical_card,1
73,54,visa_or_mastercard,supported_cards_and_currencies,1
74,68,why_verify_identity,unable_to_verify_identity,1
75,20,wrong_amount_of_cash_received,cash_withdrawal_not_recognised,1
76,17,wrong_exchange_rate_for_cash_withdrawal,card_payment_wrong_exchange_rate,1
76,19,wrong_exchange_rate_for_cash_withdrawal,cash_withdrawal_charge,1
76,31,wrong_exchange_rate_for_cash_withdrawal,exchange_charge,1
